{"cameraMode":{"drawMode":0,"name":"Shaded","section":"Shading Mode"},"sceneLighting":true,"audioPlay":false,"sceneViewState":{"showFog":true,"showMaterialUpdate":false,"showSkybox":true,"showFlares":true,"showImageEffects":true,"showParticleSystems":true,"showVisualEffectGraphs":true,"m_FxEnabled":true},"in2DMode":false,"pivot":{"x":791.2048950195313,"y":198.2801513671875,"z":-392.76300048828127},"rotation":{"x":0.0017323975916951895,"y":0.989957869052887,"z":-0.1408291757106781,"w":0.012178031727671624},"size":126.53760528564453,"orthographic":false}