{"cameraMode":{"drawMode":0,"name":"Shaded","section":"Shading Mode"},"sceneLighting":false,"audioPlay":false,"sceneViewState":{"showFog":true,"showMaterialUpdate":false,"showSkybox":false,"showFlares":true,"showImageEffects":true,"showParticleSystems":true,"showVisualEffectGraphs":true,"m_FxEnabled":true},"in2DMode":false,"pivot":{"x":17.593000411987306,"y":1.0980000495910645,"z":7.241000175476074},"rotation":{"x":0.11700668185949326,"y":-0.023832758888602258,"z":0.0028487564995884897,"w":0.9928674697875977},"size":0.17320525646209718,"orthographic":false}