{"cameraMode":{"drawMode":0,"name":"Shaded","section":"Shading Mode"},"sceneLighting":false,"audioPlay":false,"sceneViewState":{"showFog":true,"showMaterialUpdate":false,"showSkybox":false,"showFlares":true,"showImageEffects":true,"showParticleSystems":true,"showVisualEffectGraphs":true,"m_FxEnabled":true},"in2DMode":false,"pivot":{"x":-1.7319024801254273,"y":-3.770627498626709,"z":-2.0826706886291506},"rotation":{"x":0.2820003032684326,"y":0.011512774042785168,"z":-0.003384303068742156,"w":0.9593437910079956},"size":11.575450897216797,"orthographic":true}