{"cameraMode":{"drawMode":0,"name":"Shaded","section":"Shading Mode"},"sceneLighting":false,"audioPlay":false,"sceneViewState":{"showFog":true,"showMaterialUpdate":false,"showSkybox":false,"showFlares":true,"showImageEffects":true,"showParticleSystems":true,"showVisualEffectGraphs":true,"m_FxEnabled":true},"in2DMode":false,"pivot":{"x":5.960464477539063e-8,"y":0.8076953291893005,"z":0.06717537343502045},"rotation":{"x":0.008175952360033989,"y":0.5248844027519226,"z":0.005033472087234259,"w":-0.851149320602417},"size":1.3030954599380494,"orthographic":false}